"Data","Pre√ßo","MA7","MA25","NumTransacoes"
"17/3/2020 17:32:00","5394.09","5383.7","5366.0336","574"
"17/3/2020 17:33:00","5389.87","5385.415714285715","5367.651599999999","834"
"17/3/2020 17:34:00","5393.02","5387.421428571428","5369.631599999998","681"
"17/3/2020 17:35:00","5415.05","5393.0142857142855","5372.604799999998","1386"
"17/3/2020 17:36:00","5415.87","5397.575714285714","5375.671599999999","1137"
"17/3/2020 17:37:00","5417.23","5402.095714285714","5378.4371999999985","730"
"17/3/2020 17:38:00","5435","5408.589999999999","5381.357199999999","1500"
"17/3/2020 17:39:00","5427.3","5413.334285714285","5384.0707999999995","2153"
"17/3/2020 17:40:00","5417.34","5417.2585714285715","5386.0476","900"
"17/3/2020 17:41:00","5409.9","5419.67","5387.709199999999","570"
"17/3/2020 17:42:00","5428.45","5421.584285714285","5390.376","622"
"17/3/2020 17:43:00","5424.83","5422.864285714285","5392.805999999999","396"
"17/3/2020 17:44:00","5422.17","5423.57","5395.198","349"
"17/3/2020 17:45:00","5434","5423.427142857143","5398.126799999999","415"
"17/3/2020 17:46:00","5435.9","5424.655714285714","5400.883199999999","435"
"17/3/2020 17:47:00","5435","5427.178571428572","5403.718799999999","322"
"17/3/2020 17:48:00","5440.99","5431.62","5406.596799999999","415"
"17/3/2020 17:49:00","5432.36","5432.178571428572","5409.182","992"
"17/3/2020 17:50:00","5431.62","5433.148571428572","5411.6720000000005","326"
"17/3/2020 17:51:00","5437.13","5435.285714285715","5414.0428","533"
"17/3/2020 17:52:00","5436.02","5435.574285714286","5416.3243999999995","439"
"17/3/2020 17:53:00","5431.01","5434.875714285714","5418.5288","453"
"17/3/2020 17:54:00","5426.61","5433.677142857143","5420.235599999999","696"
"17/3/2020 17:55:00","5420.06","5430.687142857142","5421.6143999999995","488"
"17/3/2020 17:56:00","5432.18","5430.6614285714295","5423.32","665"
"17/3/2020 17:57:00","5432.43","5430.777142857143","5424.8535999999995","553"
"17/3/2020 17:58:00","5435.11","5430.488571428571","5426.663199999999","706"
"17/3/2020 17:59:00","5429.54","5429.562857142858","5428.124","860"
"17/3/2020 18:00:00","5449.75","5432.24","5429.512","1222"
"17/3/2020 18:01:00","5469.28","5438.335714285715","5431.648399999998","2040"
"17/3/2020 18:02:00","5457.49","5443.682857142857","5433.258799999999","2389"
"17/3/2020 18:03:00","5440.76","5444.908571428571","5433.489199999999","1455"
"17/3/2020 18:04:00","5460.01","5448.848571428572","5434.797599999999","1011"
"17/3/2020 18:05:00","5476.58","5454.772857142858","5437.167199999999","925"
"17/3/2020 18:06:00","5484.55","5462.63142857143","5440.153199999998","565"
"17/3/2020 18:07:00","5499","5469.6671428571435","5442.9752","1112"
"17/3/2020 18:08:00","5493.98","5473.195714285714","5445.7412","3108"
"17/3/2020 18:09:00","5465.27","5474.307142857144","5447.465199999999","1445"
"17/3/2020 18:10:00","5421.06","5471.492857142856","5446.9476","2107"
"17/3/2020 18:11:00","5408.57","5464.144285714286","5445.854399999999","2440"
"17/3/2020 18:12:00","5417.34","5455.681428571429","5445.147999999999","1269"
"17/3/2020 18:13:00","5398.87","5443.441428571429","5443.463199999999","800"
"17/3/2020 18:14:00","5413.23","5431.188571428572","5442.698","627"
"17/3/2020 18:15:00","5410","5419.191428571428","5441.833199999998","364"
"17/3/2020 18:16:00","5398.69","5409.68","5440.2955999999995","469"
"17/3/2020 18:17:00","5385.44","5404.591428571429","5438.272399999999","700"
"17/3/2020 18:18:00","5377.36","5400.132857142856","5436.1264","1158"
"17/3/2020 18:19:00","5376.6","5394.312857142856","5434.126000000001","471"
"17/3/2020 18:20:00","5358.33","5388.521428571429","5431.6568","643"
"17/3/2020 18:21:00","5389.68","5385.157142857142","5429.956800000001","1224"
"17/3/2020 18:22:00","5382.02","5381.159999999999","5427.9404","437"
"17/3/2020 18:23:00","5402.19","5381.660000000001","5426.6236","722"
"17/3/2020 18:24:00","5420","5386.597142857143","5426.242000000002","535"
"17/3/2020 18:25:00","5410","5391.26","5424.652000000002","494"
"17/3/2020 18:26:00","5405.58","5395.400000000001","5422.104000000001","337"
"17/3/2020 18:27:00","5388.9","5399.767142857143","5419.360400000001","515"
"17/3/2020 18:28:00","5393.99","5400.382857142858","5417.489600000001","287"
"17/3/2020 18:29:00","5404.05","5403.53","5415.2512000000015","328"
"17/3/2020 18:30:00","5412.22","5404.962857142857","5412.676800000002","425"
"17/3/2020 18:31:00","5417.83","5404.652857142857","5410.008000000001","320"
"17/3/2020 18:32:00","5415.71","5405.4685714285715","5406.676400000001","300"
"17/3/2020 18:33:00","5412.56","5406.465714285713","5403.419600000001","204"
"17/3/2020 18:34:00","5409.66","5409.431428571429","5401.1952","298"
"17/3/2020 18:35:00","5411.28","5411.901428571429","5400.804000000001","253"
"17/3/2020 18:36:00","5448","5418.179999999999","5402.381200000001","1417"
"17/3/2020 18:37:00","5448.77","5423.401428571428","5403.638400000001","399"
"17/3/2020 18:38:00","5441.89","5426.838571428571","5405.359200000002","619"
"17/3/2020 18:39:00","5439.79","5430.278571428571","5406.421600000001","356"
"17/3/2020 18:40:00","5437.68","5433.867142857142","5407.5288","219"
"17/3/2020 18:41:00","5422.44","5435.692857142857","5408.4788","369"
"17/3/2020 18:42:00","5414.77","5436.191428571428","5409.651999999999","463"
"17/3/2020 18:43:00","5409.42","5430.68","5410.934400000001","300"
"17/3/2020 18:44:00","5425.22","5427.315714285714","5412.8792","420"
"17/3/2020 18:45:00","5435.01","5426.332857142857","5415.946400000002","271"
"17/3/2020 18:46:00","5438.97","5426.215714285715","5417.918","297"
"17/3/2020 18:47:00","5433.74","5425.652857142857","5419.986800000001","346"
"17/3/2020 18:48:00","5433.59","5427.245714285715","5421.2428","205"
"17/3/2020 18:49:00","5434.1","5430.007142857144","5421.8068","204"
"17/3/2020 18:50:00","5424","5432.090000000001","5422.366800000001","369"
"17/3/2020 18:51:00","5411.56","5430.138571428571","5422.606","587"
"17/3/2020 18:52:00","5407.65","5426.2300000000005","5423.356000000001","425"
"17/3/2020 18:53:00","5415.6","5422.891428571428","5424.2204","486"
"17/3/2020 18:54:00","5412.34","5419.834285714285","5424.552000000001","625"
"17/3/2020 18:55:00","5410","5416.464285714285","5424.463200000001","515"
"17/3/2020 18:56:00","5410.22","5413.052857142858","5424.1588","446"
"17/3/2020 18:57:00","5414.48","5411.692857142858","5424.1096","347"
"17/3/2020 18:58:00","5420.6","5412.984285714286","5424.4312","301"
"17/3/2020 18:59:00","5426.06","5415.614285714285","5425.0872","338"
"17/3/2020 19:00:00","5414.49","5415.455714285715","5425.2155999999995","897"
"17/3/2020 19:01:00","5423.23","5417.011428571429","5424.224800000001","304"
"17/3/2020 19:02:00","5414.68","5417.679999999999","5422.8612","431"
"17/3/2020 19:03:00","5410.02","5417.651428571428","5421.5864","443"
"17/3/2020 19:04:00","5410.55","5417.089999999999","5420.416800000001","676"
"17/3/2020 19:05:00","5401.16","5414.312857142858","5418.956000000001","481"
"17/3/2020 19:06:00","5413.82","5412.564285714286","5418.611200000001","478"
"17/3/2020 19:07:00","5412.39","5412.2642857142855","5418.5160000000005","373"
"17/3/2020 19:08:00","5407.63","5410.035714285715","5418.4444","367"
"17/3/2020 19:09:00","5412.32","5409.698571428571","5417.928400000001","332"
"17/3/2020 19:10:00","5408","5409.409999999999","5416.848000000001","314"
"17/3/2020 19:11:00","5405.06","5408.625714285714","5415.4916","330"
"17/3/2020 19:12:00","5401.14","5408.622857142857","5414.1876","420"
"17/3/2020 19:13:00","5390.44","5405.282857142857","5412.461599999999","704"
"17/3/2020 19:14:00","5394.28","5402.6957142857145","5410.868800000001","366"
"17/3/2020 19:15:00","5391.31","5400.364285714285","5409.5612","619"
"17/3/2020 19:16:00","5393.05","5397.611428571428","5408.8207999999995","241"
"17/3/2020 19:17:00","5395.33","5395.801428571429","5408.3279999999995","254"
"17/3/2020 19:18:00","5394.66","5394.315714285715","5407.490399999999","399"
"17/3/2020 19:19:00","5386.82","5392.2699999999995","5406.4696","278"
"17/3/2020 19:20:00","5376.87","5390.331428571429","5405.144399999999","567"
"17/3/2020 19:21:00","5378.53","5388.081428571429","5403.876799999999","471"
"17/3/2020 19:22:00","5389.63","5387.841428571429","5402.882799999999","354"
"17/3/2020 19:23:00","5381.15","5386.141428571428","5401.3048","492"
"17/3/2020 19:24:00","5377.96","5383.659999999999","5399.3808","366"
"17/3/2020 19:25:00","5391.08","5383.148571428572","5398.444399999999","466"
"17/3/2020 19:26:00","5390.2","5383.631428571428","5397.123200000001","399"
"17/3/2020 19:27:00","5402.1","5387.2357142857145","5396.62","466"
"17/3/2020 19:28:00","5394.99","5389.587142857143","5396.0188","455"
"17/3/2020 19:29:00","5392.36","5389.977142857142","5395.2912","210"
"17/3/2020 19:30:00","5385.45","5390.591428571429","5394.6628","403"
"17/3/2020 19:31:00","5377.73","5390.558571428572","5393.2192000000005","271"
"17/3/2020 19:32:00","5375.06","5388.2699999999995","5391.726000000001","263"
"17/3/2020 19:33:00","5390","5388.2414285714285","5391.020800000001","284"
"17/3/2020 19:34:00","5391.62","5386.744285714286","5390.192800000001","413"
"17/3/2020 19:35:00","5399","5387.317142857143","5389.8328","236"
"17/3/2020 19:36:00","5400.48","5388.477142857142","5389.649600000001","328"
"17/3/2020 19:37:00","5415.08","5392.71","5390.2072","536"
"17/3/2020 19:38:00","5406.96","5396.885714285714","5390.8679999999995","443"
"17/3/2020 19:39:00","5415.69","5402.6900000000005","5391.724399999999","287"
"17/3/2020 19:40:00","5407.45","5405.182857142857","5392.37","234"
"17/3/2020 19:41:00","5403.36","5406.86","5392.782399999999","435"
"17/3/2020 19:42:00","5407.45","5408.067142857143","5393.267199999999","224"
"17/3/2020 19:43:00","5414.01","5410","5394.0412","232"
"17/3/2020 19:44:00","5415.9","5410.117142857142","5395.2044","427"
"17/3/2020 19:45:00","5420","5411.9800000000005","5396.9295999999995","234"
"17/3/2020 19:46:00","5423.18","5413.05","5398.7155999999995","196"
"17/3/2020 19:47:00","5432.76","5416.665714285715","5400.440799999999","746"
"17/3/2020 19:48:00","5433.26","5420.937142857144","5402.525199999999","382"
"17/3/2020 19:49:00","5436.83","5425.134285714286","5404.879999999999","271"
"17/3/2020 19:50:00","5433.35","5427.897142857143","5406.5707999999995","385"
"17/3/2020 19:51:00","5419.97","5428.478571428571","5407.761599999999","375"
"17/3/2020 19:52:00","5429.83","5429.882857142858","5408.8708","300"
"17/3/2020 19:53:00","5415.63","5428.8042857142855","5409.696399999999","348"
"17/3/2020 19:54:00","5437.55","5429.488571428571","5411.503999999999","523"
"17/3/2020 19:55:00","5438.99","5430.307142857143","5413.645600000001","338"
"17/3/2020 19:56:00","5439.77","5430.727142857142","5416.1272","261"
"17/3/2020 19:57:00","5444","5432.248571428572","5418.8848","338"
"17/3/2020 19:58:00","5431.79","5433.937142857142","5420.5564","771"
"17/3/2020 19:59:00","5424.75","5433.211428571429","5421.881600000001","387"
"17/3/2020 20:00:00","5420.41","5433.894285714286","5422.738","517"
"17/3/2020 20:01:00","5418.38","5431.155714285714","5423.4540000000015","491"
"17/3/2020 20:02:00","5419.63","5428.39","5423.636000000001","269"
"17/3/2020 20:03:00","5412.79","5424.535714285715","5423.869200000002","262"
"17/3/2020 20:04:00","5406.64","5419.198571428572","5423.507200000001","378"
"17/3/2020 20:05:00","5396.79","5414.198571428571","5423.080800000001","659"
"17/3/2020 20:06:00","5400.05","5410.67","5422.948399999999","410"
"17/3/2020 20:07:00","5416.78","5410.151428571428","5423.3216","284"
"17/3/2020 20:08:00","5405.66","5408.334285714285","5422.9876","326"
"17/3/2020 20:09:00","5407.31","5406.574285714285","5422.644","464"
"17/3/2020 20:10:00","5405.4","5405.518571428571","5422.06","389"
"17/3/2020 20:11:00","5398.49","5404.354285714285","5421.0724","411"
"17/3/2020 20:12:00","5393.88","5403.93857142857","5419.517199999999","642"
"17/3/2020 20:13:00","5394.41","5403.132857142858","5417.963199999999","509"
"17/3/2020 20:14:00","5401.79","5400.9914285714285","5416.561599999999","438"
"17/3/2020 20:15:00","5401.87","5400.45","5415.3024","943"
"17/3/2020 20:16:00","5399.45","5399.327142857143","5414.4816","213"
"17/3/2020 20:17:00","5397.68","5398.2242857142855","5413.195599999999","296"
"17/3/2020 20:18:00","5392.76","5397.405714285715","5412.2807999999995","264"
"17/3/2020 20:19:00","5399.09","5398.150000000001","5410.7424","353"
"17/3/2020 20:20:00","5407.83","5400.067142857143","5409.496","305"
"17/3/2020 20:21:00","5411.24","5401.417142857143","5408.354799999998","216"
"17/3/2020 20:22:00","5412.79","5402.977142857143","5407.106400000001","215"
"17/3/2020 20:23:00","5419.39","5405.825714285714","5406.6104000000005","428"
"17/3/2020 20:24:00","5426","5409.871428571429","5406.660400000001","249"
"17/3/2020 20:25:00","5422.48","5414.117142857142","5406.743199999998","399"
"17/3/2020 20:26:00","5431.98","5418.815714285714","5407.287199999999","206"
"17/3/2020 20:27:00","5426.1","5421.425714285714","5407.5459999999985","271"
"17/3/2020 20:28:00","5418.08","5422.402857142857","5407.757599999999","314"
"17/3/2020 20:29:00","5419.13","5423.308571428571","5408.2572","275"
"17/3/2020 20:30:00","5433.85","5425.374285714286","5409.7396","363"
"17/3/2020 20:31:00","5431.83","5426.2071428571435","5411.010800000001","341"
"17/3/2020 20:32:00","5434.9","5427.981428571429","5411.735600000001","169"
"17/3/2020 20:33:00","5429.11","5427.571428571429","5412.6736","196"
"17/3/2020 20:34:00","5423.59","5427.2128571428575","5413.324800000001","429"
"17/3/2020 20:35:00","5426.8","5428.458571428571","5414.180799999999","257"
"17/3/2020 20:36:00","5425.51","5429.37","5415.261600000001","215"
"17/3/2020 20:37:00","5414.02","5426.5371428571425","5416.0671999999995","212"
"17/3/2020 20:38:00","5406.78","5422.958571428571","5416.562000000001","318"
"17/3/2020 20:39:00","5403","5418.401428571428","5416.6104000000005","322"
"17/3/2020 20:40:00","5396","5413.671428571428","5416.3756","463"
"17/3/2020 20:41:00","5396.76","5409.838571428571","5416.267999999999","186"
"17/3/2020 20:42:00","5407.77","5407.12","5416.671599999999","194"
"17/3/2020 20:43:00","5404.54","5404.124285714285","5417.142799999999","143"
"17/3/2020 20:44:00","5405.8","5402.95","5417.411199999999","285"
"17/3/2020 20:45:00","5411.65","5403.645714285713","5417.563999999999","219"
"17/3/2020 20:46:00","5419.59","5406.015714285714","5417.897999999999","274"
"17/3/2020 20:47:00","5411.52","5408.232857142857","5417.8472","262"
"17/3/2020 20:48:00","5409.18","5410.007142857144","5417.4388","273"
"17/3/2020 20:49:00","5401","5409.04","5416.4388","224"
"17/3/2020 20:50:00","5396.66","5407.914285714286","5415.406","314"
"17/3/2020 20:51:00","5388.45","5405.435714285714","5413.664800000001","975"
"17/3/2020 20:52:00","5393.01","5402.772857142858","5412.3412","948"
"17/3/2020 20:53:00","5390.45","5398.61","5411.236","482"
"17/3/2020 20:54:00","5375.7","5393.492857142858","5409.4987999999985","572"
"17/3/2020 20:55:00","5343.71","5384.14","5405.893199999999","2490"
"17/3/2020 20:56:00","5323.19","5373.024285714286","5401.547599999999","1001"
"17/3/2020 20:57:00","5330.85","5363.622857142857","5397.3856","1689"
"17/3/2020 20:58:00","5342.87","5357.111428571428","5393.936000000001","551"
"17/3/2020 20:59:00","5312.64","5345.63","5389.4980000000005","660"
"17/3/2020 21:00:00","5346.8","5339.394285714285","5386.297999999999","1290"
"17/3/2020 21:01:00","5348.52","5335.511428571429","5383.218400000001","799"
"17/3/2020 21:02:00","5360","5337.8385714285705","5381.0576","815"
"17/3/2020 21:03:00","5343.47","5340.7357142857145","5378.5252","723"
"17/3/2020 21:04:00","5342.65","5342.421428571429","5376.1112","749"
"17/3/2020 21:05:00","5338.65","5341.818571428572","5373.817200000001","571"
"17/3/2020 21:06:00","5334.91","5345","5371.3432","411"
"17/3/2020 21:07:00","5320.17","5341.1957142857145","5367.8392","678"
"17/3/2020 21:08:00","5332.15","5338.857142857143","5364.9436","547"
"17/3/2020 21:09:00","5329.46","5334.494285714286","5361.89","407"
"17/3/2020 21:10:00","5327.37","5332.194285714286","5358.5188","479"
"17/3/2020 21:11:00","5311.26","5327.709999999999","5354.1856","681"
"17/3/2020 21:12:00","5291.65","5320.995714285715","5349.390799999999","2933"
"17/3/2020 21:13:00","5293.45","5315.072857142856","5344.761599999999","947"
"17/3/2020 21:14:00","5309.38","5313.5314285714285","5341.096799999999","549"
"17/3/2020 21:15:00","5302.93","5309.357142857143","5337.347599999999","395"
"17/3/2020 21:16:00","5308","5306.291428571429","5334.129599999999","680"
"17/3/2020 21:17:00","5333.18","5307.1214285714295","5331.7364","921"
"17/3/2020 21:18:00","5324.69","5309.04","5329.106","638"
"17/3/2020 21:19:00","5325.67","5313.900000000001","5327.1048","533"
"17/3/2020 21:20:00","5336.71","5320.08","5326.824799999999","439"
"17/3/2020 21:21:00","5335.38","5323.794285714285","5327.3124","536"
"17/3/2020 21:22:00","5327.16","5327.255714285714","5327.1648","352"
"17/3/2020 21:23:00","5326.52","5329.901428571428","5326.5108","208"
"17/3/2020 21:24:00","5318.14","5327.7528571428575","5326.730800000001","553"
"17/3/2020 21:25:00","5335.1","5329.24","5326.262800000001","373"
"17/3/2020 21:26:00","5343.29","5331.757142857144","5326.053600000001","317"
"17/3/2020 21:27:00","5338.36","5331.992857142858","5325.188","210"
"17/3/2020 21:28:00","5344.22","5333.255714285714","5325.218000000001","278"
"17/3/2020 21:29:00","5387.32","5341.849999999999","5327.004800000001","1617"
"17/3/2020 21:30:00","5387.65","5350.582857142857","5328.9648","1307"
"17/3/2020 21:31:00","5391.58","5361.074285714286","5331.2316","587"
"17/3/2020 21:32:00","5411.2","5371.945714285714","5334.8728","1236"
"17/3/2020 21:33:00","5397.43","5379.679999999999","5337.484","772"
"17/3/2020 21:34:00","5396.72","5388.017142857143","5340.1744","535"
"17/3/2020 21:35:00","5389.29","5394.455714285715","5342.6512","531"
"17/3/2020 21:36:00","5390.61","5394.925714285715","5345.825199999999","279"
"17/3/2020 21:37:00","5406.82","5397.664285714286","5350.432","607"
"17/3/2020 21:38:00","5404.53","5399.514285714286","5354.875199999999","556"
"17/3/2020 21:39:00","5401.77","5398.167142857143","5358.5707999999995","381"
"17/3/2020 21:40:00","5389.68","5397.0599999999995","5362.0408","411"
"17/3/2020 21:41:00","5388.57","5395.895714285715","5365.2636","286"
"17/3/2020 21:42:00","5401.74","5397.674285714286","5368.006000000001","406"
"17/3/2020 21:43:00","5391.79","5397.842857142858","5370.690000000001","336"
"17/3/2020 21:44:00","5389.26","5395.334285714286","5373.233600000001","348"
"17/3/2020 21:45:00","5384.47","5392.468571428572","5375.144","271"
"17/3/2020 21:46:00","5377.06","5388.938571428572","5376.811200000001","655"
"17/3/2020 21:47:00","5358.41","5384.471428571429","5378.0612","663"
"17/3/2020 21:48:00","5358.81","5380.22","5379.3528000000015","377"
"17/3/2020 21:49:00","5353.43","5373.318571428572","5380.764400000001","369"
"17/3/2020 21:50:00","5351.96","5367.628571428571","5381.4388","188"
"17/3/2020 21:51:00","5357.6","5363.105714285714","5382.0112","174"
"17/3/2020 21:52:00","5357.25","5359.217142857144","5382.766800000001","321"
"17/3/2020 21:53:00","5365.88","5357.62","5383.633199999999","424"
"17/3/2020 21:54:00","5350.24","5356.452857142858","5382.1500000000015","292"
"17/3/2020 21:55:00","5362.83","5357.027142857143","5381.1572","243"
"17/3/2020 21:56:00","5356.9","5357.522857142858","5379.770000000001","145"
"17/3/2020 21:57:00","5345.24","5356.562857142858","5377.131600000001","529"
"17/3/2020 21:58:00","5348.21","5355.221428571428","5375.1628","317"
"17/3/2020 21:59:00","5355.78","5355.011428571428","5373.525200000001","307"
"17/3/2020 22:00:00","5345.18","5352.0542857142855","5371.760800000002","301"
"17/3/2020 22:01:00","5343.65","5351.112857142857","5369.882400000001","419"
"17/3/2020 22:02:00","5346.34","5348.757142857144","5367.463200000001","447"
"17/3/2020 22:03:00","5337.23","5345.947142857142","5364.771200000001","409"
"17/3/2020 22:04:00","5347.2","5346.227142857142","5362.5884","324"
"17/3/2020 22:05:00","5344.92","5345.757142857142","5360.798000000001","381"
"17/3/2020 22:06:00","5347.12","5344.520000000001","5359.14","228"
"17/3/2020 22:07:00","5351.51","5345.424285714284","5357.130799999998","188"
"17/3/2020 22:08:00","5346.43","5345.821428571428","5355.316399999999","277"
"17/3/2020 22:09:00","5346.38","5345.827142857143","5353.601199999999","275"
"17/3/2020 22:10:00","5344.15","5346.815714285714","5351.988399999998","335"
"17/3/2020 22:11:00","5356.62","5348.1614285714295","5351.170799999998","375"
"17/3/2020 22:12:00","5358.73","5350.134285714286","5351.1835999999985","515"
"17/3/2020 22:13:00","5365.17","5352.712857142857","5351.437999999998","202"
"17/3/2020 22:14:00","5359.99","5353.924285714286","5351.700399999998","300"
"17/3/2020 22:15:00","5363.54","5356.36857142857","5352.163599999999","510"
"17/3/2020 22:16:00","5362.9","5358.728571428571","5352.3755999999985","291"
"17/3/2020 22:17:00","5371.34","5362.612857142856","5352.939199999998","121"
"17/3/2020 22:18:00","5365.72","5363.912857142857","5352.932799999998","289"
"17/3/2020 22:19:00","5359.25","5363.987142857143","5353.293199999999","296"
"17/3/2020 22:20:00","5372.6","5365.0485714285705","5353.683999999999","370"
"17/3/2020 22:21:00","5376.7","5367.435714285713","5354.476","339"
"17/3/2020 22:22:00","5372.62","5368.732857142857","5355.5711999999985","314"
"17/3/2020 22:23:00","5375.05","5370.468571428572","5356.644799999998","289"
"17/3/2020 22:24:00","5376.1","5371.148571428572","5357.4576","288"
"17/3/2020 22:25:00","5365.09","5371.058571428572","5358.254","374"
"17/3/2020 22:26:00","5354.22","5370.339999999999","5358.676799999999","649"
"17/3/2020 22:27:00","5350","5367.111428571428","5358.823200000001","365"
"17/3/2020 22:28:00","5351.97","5363.578571428572","5359.412799999999","327"
"17/3/2020 22:29:00","5359.14","5361.652857142858","5359.8904","264"
"17/3/2020 22:30:00","5349.4","5357.988571428571","5360.069600000001","403"
"17/3/2020 22:31:00","5354.95","5354.967142857143","5360.3828","411"
"17/3/2020 22:32:00","5356.27","5353.7071428571435","5360.5732","389"
"17/3/2020 22:33:00","5362.52","5354.892857142857","5361.216799999999","322"
"17/3/2020 22:34:00","5368.72","5357.567142857143","5362.1104000000005","403"
"17/3/2020 22:35:00","5365.79","5359.541428571429","5362.976","282"
"17/3/2020 22:36:00","5361.42","5359.867142857142","5363.168000000001","225"
"17/3/2020 22:37:00","5361.81","5361.64","5363.2912","177"
"17/3/2020 22:38:00","5372.41","5364.134285714286","5363.5808","538"
"17/3/2020 22:39:00","5381.67","5367.762857142858","5364.448","436"
"17/3/2020 22:40:00","5374.99","5369.544285714285","5364.906","284"
"17/3/2020 22:41:00","5375.12","5370.458571428571","5365.3948","292"
"17/3/2020 22:42:00","5379.04","5372.351428571427","5365.7028","205"
"17/3/2020 22:43:00","5379.58","5374.9457142857145","5366.2572","211"
"17/3/2020 22:44:00","5374.35","5376.737142857142","5366.8612","348"
"17/3/2020 22:45:00","5371.29","5376.577142857143","5366.8088","320"
"17/3/2020 22:46:00","5375.22","5375.655714285715","5366.749599999999","384"
"17/3/2020 22:47:00","5379.89","5376.355714285715","5367.040400000001","220"
"17/3/2020 22:48:00","5378.65","5376.86","5367.184400000001","287"
"17/3/2020 22:49:00","5374.72","5376.242857142858","5367.129199999999","227"
"17/3/2020 22:50:00","5369.92","5374.862857142857","5367.3224","289"
"17/3/2020 22:51:00","5369.06","5374.107142857143","5367.916","177"
"17/3/2020 22:52:00","5364.8","5373.18","5368.507999999999","189"
"17/3/2020 22:53:00","5359.22","5370.894285714286","5368.797999999999","337"
"17/3/2020 22:54:00","5360.93","5368.185714285714","5368.8696","214"
"17/3/2020 22:55:00","5364.04","5366.098571428572","5369.4552","231"
"17/3/2020 22:56:00","5360.43","5364.057142857143","5369.6744","201"
"17/3/2020 22:57:00","5360.97","5362.778571428572","5369.8624","160"
"17/3/2020 22:58:00","5365","5362.198571428571","5369.9616000000005","166"
"17/3/2020 22:59:00","5365.22","5362.258571428572","5369.8216","113"
"17/3/2020 23:00:00","5375.68","5364.610000000001","5370.2172","302"
"17/3/2020 23:01:00","5375.73","5366.724285714286","5370.789600000001","204"
"17/3/2020 23:02:00","5377.53","5368.651428571429","5371.4184000000005","186"
"17/3/2020 23:03:00","5370.55","5370.097142857143","5371.344","287"
"17/3/2020 23:04:00","5368.06","5371.11","5370.799599999999","247"
"17/3/2020 23:05:00","5349.65","5368.917142857143","5369.786","753"
"17/3/2020 23:06:00","5339.8","5365.285714285715","5368.373199999998","449"
"17/3/2020 23:07:00","5342.46","5360.54","5366.91","274"
"17/3/2020 23:08:00","5332.01","5354.294285714285","5365.007200000001","322"
"17/3/2020 23:09:00","5335.26","5348.255714285714","5363.4436","360"
"17/3/2020 23:10:00","5340.98","5344.0314285714285","5362.2312","286"
"17/3/2020 23:11:00","5327.79","5338.278571428571","5360.333999999999","343"
"17/3/2020 23:12:00","5336.3","5336.371428571429","5358.590399999999","284"
"17/3/2020 23:13:00","5340.49","5336.47","5357.063999999999","248"
"17/3/2020 23:14:00","5335.98","5335.544285714285","5355.514399999999","340"
"17/3/2020 23:15:00","5328.65","5335.064285714286","5353.8636","332"
"17/3/2020 23:16:00","5325.63","5333.68857142857","5352.126399999999","315"
"17/3/2020 23:17:00","5325.62","5331.494285714286","5350.5592","392"
"17/3/2020 23:18:00","5331.87","5332.077142857143","5349.465199999999","220"
"17/3/2020 23:19:00","5335.66","5331.985714285714","5348.4544","370"
"17/3/2020 23:20:00","5336.72","5331.447142857142","5347.361599999999","294"
"17/3/2020 23:21:00","5334.01","5331.165714285714","5346.3048","147"
"17/3/2020 23:22:00","5346.03","5333.648571428572","5345.7072","280"
"17/3/2020 23:23:00","5343.78","5336.241428571428","5344.8584","153"
"17/3/2020 23:24:00","5345.07","5339.0199999999995","5344.0524","258"
"17/3/2020 23:25:00","5344.42","5340.812857142858","5342.802","152"
"17/3/2020 23:26:00","5348.34","5342.624285714285","5341.7064","157"
"17/3/2020 23:27:00","5346","5343.949999999999","5340.4452","135"
"17/3/2020 23:28:00","5345.68","5345.617142857142","5339.450399999999","104"
"17/3/2020 23:29:00","5349.7","5346.141428571428","5338.715999999999","106"
"17/3/2020 23:30:00","5358.71","5348.274285714287","5339.078399999999","385"
"17/3/2020 23:31:00","5358.09","5350.134285714286","5339.81","182"
"17/3/2020 23:32:00","5358.99","5352.215714285715","5340.4712","176"
"17/3/2020 23:33:00","5372.32","5355.641428571428","5342.0836","337"
"17/3/2020 23:34:00","5366.71","5358.599999999999","5343.341600000001","295"
"17/3/2020 23:35:00","5361.6","5360.874285714285","5344.1664","174"
"17/3/2020 23:36:00","5359.5","5362.274285714286","5345.4348","183"
"17/3/2020 23:37:00","5363.89","5363.0142857142855","5346.5383999999995","132"
"17/3/2020 23:38:00","5355.67","5362.668571428571","5347.145600000001","312"
"17/3/2020 23:39:00","5348.74","5361.204285714285","5347.656","295"
"17/3/2020 23:40:00","5360.5","5359.515714285714","5348.93","283"
"17/3/2020 23:41:00","5356.69","5358.084285714286","5350.172400000001","249"
"17/3/2020 23:42:00","5358.54","5357.647142857143","5351.4892","199"
"17/3/2020 23:43:00","5359.92","5357.7071428571435","5352.6112","185"
"17/3/2020 23:44:00","5359.77","5357.118571428572","5353.575599999999","104"
"17/3/2020 23:45:00","5355.78","5357.134285714286","5354.338000000001","151"
"17/3/2020 23:46:00","5345.89","5356.727142857143","5354.8132000000005","197"
"17/3/2020 23:47:00","5349.2","5355.112857142856","5354.94","311"
"17/3/2020 23:48:00","5346.94","5353.72","5355.0664","266"
"17/3/2020 23:49:00","5352.93","5352.918571428571","5355.3808","205"
"17/3/2020 23:50:00","5361.1","5353.087142857143","5356.048000000001","395"
"17/3/2020 23:51:00","5360.58","5353.202857142857","5356.537599999999","340"
"17/3/2020 23:52:00","5358.06","5353.528571428571","5357.02","166"
"17/3/2020 23:53:00","5360.61","5355.631428571428","5357.6172","93"
"17/3/2020 23:54:00","5368.13","5358.335714285714","5358.3544","203"
"17/3/2020 23:55:00","5382.94","5363.478571428573","5359.323600000001","619"
"17/3/2020 23:56:00","5374.46","5366.554285714286","5359.9784","473"
"17/3/2020 23:57:00","5374.68","5368.494285714286","5360.606000000001","437"
"17/3/2020 23:58:00","5373","5370.268571428571","5360.6332","141"
"17/3/2020 23:59:00","5373.02","5372.405714285714","5360.8856000000005","119"
"18/3/2020 00:00:00","5378.05","5374.897142857143","5361.543600000001","405"
"18/3/2020 00:01:00","5369.94","5375.155714285715","5361.961200000002","357"
"18/3/2020 00:02:00","5370.59","5373.391428571428","5362.229200000001","196"
"18/3/2020 00:03:00","5367.83","5372.444285714286","5362.7156","140"
"18/3/2020 00:04:00","5368.05","5371.497142857143","5363.488000000001","153"
"18/3/2020 00:05:00","5372","5371.354285714285","5363.948","179"
"18/3/2020 00:06:00","5373.73","5371.455714285715","5364.629600000001","195"
"18/3/2020 00:07:00","5369.98","5370.302857142857","5365.0872","244"
"18/3/2020 00:08:00","5369.5","5370.24","5365.4704","168"
"18/3/2020 00:09:00","5375.81","5370.9857142857145","5366.111999999999","238"
"18/3/2020 00:10:00","5391.07","5374.305714285714","5367.5235999999995","476"
"18/3/2020 00:11:00","5388","5377.155714285714","5369.208","551"
"18/3/2020 00:12:00","5387.29","5379.339999999999","5370.7316","324"
"18/3/2020 00:13:00","5389.19","5381.548571428572","5372.421599999999","320"
"18/3/2020 00:14:00","5400","5385.837142857143","5374.304399999999","533"
"18/3/2020 00:15:00","5399.5","5390.122857142857","5375.8404","497"
"18/3/2020 00:16:00","5393.3","5392.621428571429","5377.149199999999","263"
"18/3/2020 00:17:00","5397.92","5393.599999999999","5378.7436","136"
"18/3/2020 00:18:00","5406.04","5396.177142857143","5380.560799999999","471"
"18/3/2020 00:19:00","5398.39","5397.762857142857","5381.7712","465"
"18/3/2020 00:20:00","5397.39","5398.934285714286","5382.3492","284"
"18/3/2020 00:21:00","5391.41","5397.707142857143","5383.0271999999995","446"
"18/3/2020 00:22:00","5389.81","5396.322857142857","5383.6323999999995","217"
"18/3/2020 00:23:00","5394.72","5396.5257142857145","5384.501199999999","235"
"18/3/2020 00:24:00","5388.6","5395.194285714286","5385.1244","511"
"18/3/2020 00:25:00","5384.95","5392.181428571428","5385.4004","471"
"18/3/2020 00:26:00","5390.47","5391.05","5386.221600000001","390"
"18/3/2020 00:27:00","5395.8","5390.822857142857","5387.23","336"
"18/3/2020 00:28:00","5395.51","5391.408571428571","5388.3372","180"
"18/3/2020 00:29:00","5402.67","5393.245714285715","5389.722000000001","744"
"18/3/2020 00:30:00","5405.78","5394.825714285714","5391.073200000001","424"
"18/3/2020 00:31:00","5402.68","5396.837142857143","5392.2312","423"
"18/3/2020 00:32:00","5391.56","5397.7814285714285","5393.094400000001","505"
"18/3/2020 00:33:00","5396.26","5398.608571428572","5394.1648","346"
"18/3/2020 00:34:00","5390","5397.78","5394.7324","284"
"18/3/2020 00:35:00","5384.58","5396.218571428572","5394.4728","395"
"18/3/2020 00:36:00","5382.25","5393.301428571429","5394.242799999999","572"
"18/3/2020 00:37:00","5381.01","5389.762857142858","5393.9916","294"
"18/3/2020 00:38:00","5387.71","5387.624285714286","5393.932399999999","307"
"18/3/2020 00:39:00","5382.17","5386.282857142856","5393.2192","336"
"18/3/2020 00:40:00","5380.96","5384.097142857143","5392.4776","225"
"18/3/2020 00:41:00","5384.76","5383.348571428572","5392.136000000001","151"
"18/3/2020 00:42:00","5383.54","5383.2","5391.560799999999","155"
"18/3/2020 00:43:00","5383.07","5383.317142857143","5390.642","62"
"18/3/2020 00:44:00","5396.66","5385.552857142857","5390.5728","219"
"18/3/2020 00:45:00","5398.24","5387.057142857143","5390.6068","299"
"18/3/2020 00:46:00","5395.47","5388.9571428571435","5390.769199999999","202"
"18/3/2020 00:47:00","5395.89","5391.089999999999","5391.0124","261"
"18/3/2020 00:48:00","5396.42","5392.755714285714","5391.080400000001","246"
"18/3/2020 00:49:00","5393","5394.107142857143","5391.256400000001","198"
"18/3/2020 00:50:00","5382.67","5394.05","5391.1652","644"
"18/3/2020 00:51:00","5379.61","5391.614285714285","5390.730799999999","254"
"18/3/2020 00:52:00","5386.06","5389.874285714285","5390.3412","224"
"18/3/2020 00:53:00","5383.98","5388.232857142858","5389.88","186"
"18/3/2020 00:54:00","5391.56","5387.614285714286","5389.4356","267"
"18/3/2020 00:55:00","5394.14","5387.288571428572","5388.97","180"
"18/3/2020 00:56:00","5392.23","5387.178571428572","5388.552","114"
"18/3/2020 00:57:00","5393.69","5388.752857142857","5388.6372","95"
"18/3/2020 00:58:00","5392.83","5390.641428571428","5388.499999999999","66"
"18/3/2020 00:59:00","5394.15","5391.797142857143","5388.666","174"
"18/3/2020 01:00:00","5398.35","5393.849999999999","5389.216799999999","289"
"18/3/2020 01:01:00","5388.47","5393.408571428571","5389.4655999999995","290"
"18/3/2020 01:02:00","5388.68","5392.628571428571","5389.7724","222"
"18/3/2020 01:03:00","5385.57","5391.677142857144","5389.6867999999995","129"
"18/3/2020 01:04:00","5391.53","5391.368571428572","5390.0612","198"
"18/3/2020 01:05:00","5391","5391.107142857143","5390.4628","257"
"18/3/2020 01:06:00","5391.68","5390.754285714285","5390.7396","185"
"18/3/2020 01:07:00","5382.05","5388.425714285715","5390.6799999999985","288"
"18/3/2020 01:08:00","5387.5","5388.2871428571425","5390.8571999999995","280"
"18/3/2020 01:09:00","5386.58","5387.987142857142","5390.454000000001","165"
"18/3/2020 01:10:00","5390","5388.62","5390.1244","258"
"18/3/2020 01:11:00","5392.54","5388.7642857142855","5390.007200000001","149"
"18/3/2020 01:12:00","5385.51","5387.9800000000005","5389.592","134"
"18/3/2020 01:13:00","5386.16","5387.191428571428","5389.1816","153"
"18/3/2020 01:14:00","5383.32","5387.372857142857","5388.794400000001","188"
"18/3/2020 01:15:00","5382.95","5386.722857142857","5388.805600000001","192"
"18/3/2020 01:16:00","5376.3","5385.254285714285","5388.673200000001","264"
"18/3/2020 01:17:00","5379.52","5383.757142857144","5388.411599999999","289"
"18/3/2020 01:18:00","5381.13","5382.127142857143","5388.2976","214"
"18/3/2020 01:19:00","5378.53","5381.13","5387.7764","152"
"18/3/2020 01:20:00","5367","5378.392857142857","5386.6908","466"
"18/3/2020 01:21:00","5374.26","5377.098571428572","5385.972","391"
"18/3/2020 01:22:00","5377.38","5376.302857142857","5385.319600000001","201"
"18/3/2020 01:23:00","5384.91","5377.532857142857","5385.0028","186"
"18/3/2020 01:24:00","5386.65","5378.551428571429","5384.7028","280"
"18/3/2020 01:25:00","5384.99","5379.102857142856","5384.1684","181"
"18/3/2020 01:26:00","5385.79","5380.139999999999","5384.0612","178"
"18/3/2020 01:27:00","5379.68","5381.951428571428","5383.7011999999995","269"
"18/3/2020 01:28:00","5381.69","5383.012857142858","5383.545999999999","140"
"18/3/2020 01:29:00","5380.21","5383.417142857143","5383.093199999999","138"
"18/3/2020 01:30:00","5384.82","5383.404285714286","5382.846","121"
"18/3/2020 01:31:00","5383.66","5382.977142857142","5382.5252","121"
"18/3/2020 01:32:00","5395.39","5384.462857142857","5383.058800000002","518"
"18/3/2020 01:33:00","5391.44","5385.2699999999995","5383.2164","297"
"18/3/2020 01:34:00","5398.39","5387.942857142857","5383.6888","237"
"18/3/2020 01:35:00","5399.95","5390.551428571428","5384.086800000001","468"
"18/3/2020 01:36:00","5401.8","5393.635714285714","5384.4572","303"
"18/3/2020 01:37:00","5399.99","5395.802857142857","5385.0364","195"
"18/3/2020 01:38:00","5400.17","5398.161428571429","5385.5968","155"
"18/3/2020 01:39:00","5404.95","5399.527142857142","5386.462","200"
"18/3/2020 01:40:00","5430.77","5405.145714285713","5388.374800000001","1527"
"18/3/2020 01:41:00","5421.78","5408.487142857143","5390.194","597"
"18/3/2020 01:42:00","5414.89","5410.621428571429","5391.608800000001","393"
"18/3/2020 01:43:00","5411.78","5412.047142857143","5392.8348","344"
"18/3/2020 01:44:00","5415.49","5414.261428571428","5394.3132","364"
"18/3/2020 01:45:00","5408.93","5415.512857142857","5395.990400000001","237"
"18/3/2020 01:46:00","5400","5414.805714285714","5397.02","402"
"18/3/2020 01:47:00","5399.99","5410.408571428571","5397.9244","254"
"18/3/2020 01:48:00","5404.79","5407.981428571429","5398.7196","201"
"18/3/2020 01:49:00","5401.77","5406.107142857143","5399.3243999999995","358"
"18/3/2020 01:50:00","5398.49","5404.208571428571","5399.8644","318"
"18/3/2020 01:51:00","5407.69","5403.094285714286","5400.740400000001","245"
"18/3/2020 01:52:00","5407.99","5402.96","5401.8728","332"
"18/3/2020 01:53:00","5404.24","5403.565714285714","5402.774800000001","279"
"18/3/2020 01:54:00","5403.43","5404.057142857143","5403.7036","192"
"18/3/2020 01:55:00","5409.54","5404.7357142857145","5404.692400000001","205"
"18/3/2020 01:56:00","5413.24","5406.374285714286","5405.8756","311"
"18/3/2020 01:57:00","5408.82","5407.849999999999","5406.4128","382"
"18/3/2020 01:58:00","5417.63","5409.2699999999995","5407.4604","310"
"18/3/2020 01:59:00","5418.65","5410.7928571428565","5408.270800000001","196"
"18/3/2020 02:00:00","5418.75","5412.865714285714","5409.022800000001","367"
"18/3/2020 02:01:00","5422.93","5415.651428571428","5409.868","313"
"18/3/2020 02:02:00","5419.61","5417.089999999999","5410.6528","358"
"18/3/2020 02:03:00","5405.89","5416.04","5410.881600000001","689"
"18/3/2020 02:04:00","5401.19","5414.95","5410.7312","419"
"18/3/2020 02:05:00","5402.33","5412.7642857142855","5409.5936","260"
"18/3/2020 02:06:00","5410.08","5411.54","5409.125599999999","372"
"18/3/2020 02:07:00","5402.51","5409.22","5408.6304","330"
"18/3/2020 02:08:00","5398.53","5405.734285714286","5408.1004","367"
"18/3/2020 02:09:00","5391.68","5401.744285714286","5407.148","530"
"18/3/2020 02:10:00","5389.79","5399.444285714286","5406.3823999999995","178"
"18/3/2020 02:11:00","5386.01","5397.2757142857145","5405.822799999999","499"
"18/3/2020 02:12:00","5394.41","5396.144285714285","5405.5996","294"
"18/3/2020 02:13:00","5390.9","5393.404285714286","5405.043999999999","146"
"18/3/2020 02:14:00","5385.21","5390.932857142857","5404.381599999999","278"
"18/3/2020 02:15:00","5380.47","5388.352857142857","5403.6608","497"
"18/3/2020 02:16:00","5378.64","5386.49","5402.4988","593"
"18/3/2020 02:17:00","5358.95","5382.084285714285","5400.5372","1119"
"18/3/2020 02:18:00","5360.01","5378.370000000001","5398.767999999999","1034"
"18/3/2020 02:19:00","5362.01","5373.7414285714285","5397.1112","488"
"18/3/2020 02:20:00","5361.91","5369.599999999999","5395.205999999998","272"
"18/3/2020 02:21:00","5350","5364.570000000001","5392.676399999999","472"
"18/3/2020 02:22:00","5352.21","5360.532857142857","5390.411999999999","299"
"18/3/2020 02:23:00","5353","5356.87","5387.826799999999","353"
"18/3/2020 02:24:00","5335.23","5353.481428571428","5384.49","874"
"18/3/2020 02:25:00","5343.2","5351.08","5381.468000000001","528"
"18/3/2020 02:26:00","5349.39","5349.277142857143","5378.5264","380"
"18/3/2020 02:27:00","5338.96","5345.998571428571","5375.300399999999","507"
"18/3/2020 02:28:00","5333.1","5343.584285714285","5372.3888","749"
"18/3/2020 02:29:00","5325.53","5339.772857142857","5369.3624","512"
"18/3/2020 02:30:00","5343.54","5338.421428571428","5367.0108","1370"
"18/3/2020 02:31:00","5337.16","5338.697142857143","5364.094","1032"
"18/3/2020 02:32:00","5331.97","5337.092857142858","5361.2724","635"
"18/3/2020 02:33:00","5335","5335.037142857143","5358.731200000001","495"
"18/3/2020 02:34:00","5333.7","5334.285714285715","5356.412","305"
"18/3/2020 02:35:00","5340.26","5335.308571428572","5354.430800000001","489"
"18/3/2020 02:36:00","5340.37","5337.4285714285725","5352.6052","501"
"18/3/2020 02:37:00","5348.5","5338.137142857144","5350.7688","325"
"18/3/2020 02:38:00","5345.71","5339.358571428572","5348.9612","349"
"18/3/2020 02:39:00","5340.5","5340.577142857143","5347.1728","250"
"18/3/2020 02:40:00","5331.68","5340.102857142857","5345.2212","399"
"18/3/2020 02:41:00","5335.13","5340.307142857143","5343.480799999999","266"
"18/3/2020 02:42:00","5345.49","5341.0542857142855","5342.942399999999","270"
"18/3/2020 02:43:00","5340.66","5341.095714285714","5342.1684","258"
"18/3/2020 02:44:00","5335.81","5339.282857142857","5341.120400000001","229"
"18/3/2020 02:45:00","5336.63","5337.9857142857145","5340.109199999999","367"
"18/3/2020 02:46:00","5343.01","5338.344285714286","5339.8296","264"
"18/3/2020 02:47:00","5341.44","5339.738571428572","5339.3988","286"
"18/3/2020 02:48:00","5348.44","5341.639999999999","5339.216400000001","419"
"18/3/2020 02:49:00","5342.93","5341.274285714286","5339.5244","255"
"18/3/2020 02:50:00","5344.51","5341.824285714285","5339.576800000001","213"
"18/3/2020 02:51:00","5340","5342.422857142857","5339.201200000001","212"
"18/3/2020 02:52:00","5329.61","5341.42","5338.827200000001","277"
"18/3/2020 02:53:00","5305.01","5335.9914285714285","5337.703600000001","1270"
"18/3/2020 02:54:00","5297.09","5329.655714285714","5336.566000000001","1842"
"18/3/2020 02:55:00","5283.27","5320.345714285714","5334.1552","1611"
"18/3/2020 02:56:00","5276.74","5310.889999999999","5331.738399999999","807"
"18/3/2020 02:57:00","5267.44","5299.88","5329.1572","1324"
"18/3/2020 02:58:00","5280.76","5291.417142857143","5326.9876","861"
"18/3/2020 02:59:00","5270","5282.901428571428","5324.4396","425"
"18/3/2020 03:00:00","5276.67","5278.852857142857","5321.896","959"
"18/3/2020 03:01:00","5288.36","5277.605714285714","5319.815599999999","913"
"18/3/2020 03:02:00","5284.2","5277.738571428571","5317.2436","782"
"18/3/2020 03:03:00","5247.25","5273.525714285715","5313.3052","1695"
"18/3/2020 03:04:00","5262.89","5272.875714285715","5310.2008000000005","1453"
"18/3/2020 03:05:00","5257.23","5269.5142857142855","5307.2228000000005","518"
"18/3/2020 03:06:00","5272.53","5269.875714285714","5304.7188","538"
"18/3/2020 03:07:00","5264.98","5268.205714285715","5301.4983999999995","459"
"18/3/2020 03:08:00","5256.37","5263.635714285714","5298.126799999999","627"
"18/3/2020 03:09:00","5271.85","5261.871428571429","5295.568399999998","547"
"18/3/2020 03:10:00","5276.24","5266.012857142857","5293.1528","527"
"18/3/2020 03:11:00","5265.01","5266.315714285714","5290.0328","688"
"18/3/2020 03:12:00","5262.13","5267.015714285713","5286.8604","887"
"18/3/2020 03:13:00","5255.19","5264.538571428571","5283.130399999999","512"
"18/3/2020 03:14:00","5256.34","5263.304285714286","5279.666800000001","741"
"18/3/2020 03:15:00","5267.58","5264.905714285714","5276.589599999999","633"
"18/3/2020 03:16:00","5276.24","5265.532857142856","5274.039199999999","788"
"18/3/2020 03:17:00","5276.08","5265.51","5271.897999999999","649"
"18/3/2020 03:18:00","5266.52","5265.725714285714","5270.3584","291"
"18/3/2020 03:19:00","5268.5","5266.635714285714","5269.2148","359"
"18/3/2020 03:20:00","5268.49","5268.535714285715","5268.6236","281"
"18/3/2020 03:21:00","5259.09","5268.928571428572","5267.917600000002","365"
"18/3/2020 03:22:00","5263.8","5268.388571428572","5267.772000000001","396"
"18/3/2020 03:36:00","5214.71","5240.392857142857","5252.2312","1689"
"18/3/2020 03:37:00","5225.97","5236.148571428571","5250.784799999999","1878"
"18/3/2020 03:38:00","5224.65","5231.418571428571","5249.5632","1130"
"18/3/2020 03:39:00","5215.94","5227.4571428571435","5247.947199999999","614"
"18/3/2020 03:40:00","5227.08","5224.701428571428","5246.3272","878"
"18/3/2020 03:41:00","5227.93","5223.187142857142","5244.394799999998","836"
"18/3/2020 03:42:00","5220","5222.325714285714","5242.151599999999","646"
"18/3/2020 03:43:00","5217.84","5222.772857142858","5240.2044","560"
"18/3/2020 03:44:00","5214.76","5221.171428571428","5238.054799999999","683"
"18/3/2020 03:45:00","5198.22","5217.395714285715","5235.244","1626"
"18/3/2020 03:46:00","5196.68","5214.644285714286","5232.7476","954"
"18/3/2020 03:47:00","5186.24","5208.8099999999995","5229.645200000001","800"
"18/3/2020 03:48:00","5202.33","5205.152857142857","5227.454000000001","1084"
"18/3/2020 03:49:00","5230.88","5206.707142857143","5226.264","1501"
"18/3/2020 03:50:00","5222.16","5207.324285714286","5225.6292","914"
"18/3/2020 03:51:00","5222.78","5208.47","5225.082","957"
"18/3/2020 03:52:00","5230","5213.01","5224.921600000001","951"
"18/3/2020 03:53:00","5235","5218.484285714286","5224.849200000001","725"
"18/3/2020 03:54:00","5235.58","5225.532857142856","5224.671600000001","581"
"18/3/2020 03:55:00","5224.89","5228.755714285714","5223.44","660"
"18/3/2020 03:56:00","5221.07","5227.354285714285","5221.9724000000015","512"
"18/3/2020 03:57:00","5245","5230.617142857142","5222.025600000001","940"
"18/3/2020 03:58:00","5247.37","5234.13","5222.065600000001","1535"
"18/3/2020 03:59:00","5255.29","5237.742857142856","5222.736000000001","1008"
"18/3/2020 04:00:00","5243.51","5238.958571428571","5223.435199999999","565"
"18/3/2020 04:01:00","5243.06","5240.027142857142","5224.569199999999","742"
"18/3/2020 04:02:00","5240.49","5242.255714285714","5225.15","411"
"18/3/2020 04:03:00","5239.78","5244.928571428572","5225.7552","402"
"18/3/2020 04:04:00","5243.63","5244.732857142857","5226.8628","519"
"18/3/2020 04:05:00","5242.56","5244.045714285714","5227.481999999999","271"
"18/3/2020 04:06:00","5235.32","5241.192857142858","5227.7775999999985","512"
"18/3/2020 04:07:00","5224.57","5238.487142857143","5227.960399999999","706"
"18/3/2020 04:08:00","5232.51","5236.9800000000005","5228.547199999999","347"
"18/3/2020 04:09:00","5220.74","5234.158571428571","5228.7864","344"
"18/3/2020 04:10:00","5217.99","5231.045714285714","5229.577200000001","341"
"18/3/2020 04:11:00","5209.89","5226.225714285713","5230.105600000001","782"
"18/3/2020 04:12:00","5218.39","5222.772857142857","5231.391600000001","549"
"18/3/2020 04:13:00","5220.44","5220.647142857143","5232.116000000002","493"
"18/3/2020 04:14:00","5219.33","5219.898571428572","5231.654","543"
"18/3/2020 04:15:00","5230.41","5219.598571428572","5231.984000000001","478"
"18/3/2020 04:16:00","5226.48","5220.418571428571","5232.1320000000005","311"
"18/3/2020 04:17:00","5221.54","5220.925714285715","5231.7936","412"
"18/3/2020 04:18:00","5216.75","5221.905714285714","5231.0635999999995","300"
"18/3/2020 04:19:00","5211.51","5220.922857142857","5230.100799999999","389"
"18/3/2020 04:20:00","5189.62","5216.5199999999995","5228.69","1207"
"18/3/2020 04:21:00","5192.12","5212.632857142858","5227.531999999999","868"
"18/3/2020 04:22:00","5199.91","5208.275714285714","5225.728399999999","509"
"18/3/2020 04:23:00","5195.77","5203.888571428572","5223.6644","520"
"18/3/2020 04:24:00","5182.2","5198.268571428571","5220.7408","716"
"18/3/2020 04:25:00","5159.69","5190.117142857142","5217.387999999999","4278"
"18/3/2020 04:26:00","5161.58","5182.984285714286","5214.1287999999995","1554"
"18/3/2020 04:27:00","5167.65","5179.845714285714","5211.215199999999","1125"
"18/3/2020 04:28:00","5178.76","5177.937142857144","5208.774399999998","1059"
"18/3/2020 04:29:00","5165.24","5172.984285714286","5205.638799999999","635"
"18/3/2020 04:30:00","5151.8","5166.702857142857","5202.008399999999","667"
"18/3/2020 04:31:00","5142.08","5160.971428571428","5198.2788","1043"
"18/3/2020 04:32:00","5138.56","5157.952857142857","5194.8384","774"
"18/3/2020 04:33:00","5145.3","5155.627142857143","5191.35","1190"
"18/3/2020 04:34:00","5147.31","5152.721428571428","5188.4128","829"
"18/3/2020 04:35:00","5154.98","5149.324285714286","5185.892400000001","487"
"18/3/2020 04:36:00","5145.75","5146.54","5183.3268","504"
"18/3/2020 04:37:00","5153.88","5146.837142857143","5180.7464","466"
"18/3/2020 04:38:00","5141.04","5146.688571428572","5177.5704","467"
"18/3/2020 04:39:00","5149.32","5148.225714285714","5174.77","605"
"18/3/2020 04:40:00","5171.33","5151.944285714286","5172.4068","934"
"18/3/2020 04:41:00","5163.82","5154.302857142858","5169.9004","672"
"18/3/2020 04:42:00","5163.55","5155.527142857143","5167.5808","285"
"18/3/2020 04:43:00","5143.87","5155.2585714285715","5164.6656","768"
"18/3/2020 04:44:00","5118.8","5150.247142857143","5160.9572","2164"
"18/3/2020 04:45:00","5131.41","5148.871428571429","5158.6288","1883"
"18/3/2020 04:46:00","5127","5145.682857142857","5156.024","754"
"18/3/2020 04:47:00","5146.84","5142.184285714285","5153.9012","834"
"18/3/2020 04:48:00","5128.75","5137.174285714286","5151.220399999999","905"
"18/3/2020 04:49:00","5144.41","5134.4400000000005","5149.7088","886"
"18/3/2020 04:50:00","5141.21","5134.0599999999995","5148.9696","554"
"18/3/2020 04:51:00","5157.6","5139.602857142857","5148.810399999999","914"
"18/3/2020 04:52:00","5158.67","5143.4971428571425","5148.4511999999995","459"
"18/3/2020 04:53:00","5139.17","5145.235714285714","5146.8676000000005","730"
"18/3/2020 04:54:00","5148.18","5145.427142857143","5146.1852","788"
"18/3/2020 04:55:00","5156.64","5149.411428571429","5146.3788","557"
"18/3/2020 04:56:00","5153.25","5150.674285714286","5146.825600000001","632"
"18/3/2020 04:57:00","5141.78","5150.755714285714","5146.954400000001","608"
"18/3/2020 04:58:00","5140.36","5148.2928571428565","5146.7568","535"
"18/3/2020 04:59:00","5148.73","5146.872857142857","5146.8136","448"
"18/3/2020 05:00:00","5125.14","5144.868571428572","5145.62","684"
"18/3/2020 05:01:00","5145.32","5144.46","5145.602800000001","1046"
"18/3/2020 05:02:00","5124.6","5139.882857142858","5144.4316","1073"
"18/3/2020 05:03:00","5128.16","5136.2985714285705","5143.9164","580"
"18/3/2020 05:04:00","5141.86","5136.3099999999995","5143.6179999999995","667"
"18/3/2020 05:05:00","5131.26","5135.01","5142.0152","594"
"18/3/2020 05:06:00","5128.02","5132.051428571429","5140.5832","704"
"18/3/2020 05:07:00","5085.59","5126.401428571428","5137.464800000001","3654"
"18/3/2020 05:08:00","5121.16","5122.949999999999","5136.5563999999995","2380"
"18/3/2020 05:09:00","5125","5123.007142857144","5136.8044","941"
"18/3/2020 05:10:00","5146.38","5125.61","5137.4032","1151"
"18/3/2020 05:11:00","5148.8","5126.601428571428","5138.2752","638"
"18/3/2020 05:12:00","5154.67","5129.9457142857145","5138.588400000001","706"
"18/3/2020 05:13:00","5135.44","5131.005714285714","5138.856000000001","1064"
"18/3/2020 05:14:00","5145.4","5139.55","5138.8956","684"
"18/3/2020 05:15:00","5137.09","5141.825714285714","5138.7308","632"
"18/3/2020 05:16:00","5139.07","5143.835714285715","5137.9896","626"
"18/3/2020 05:17:00","5146.32","5143.827142857142","5137.4956","491"
"18/3/2020 05:18:00","5166.89","5146.411428571429","5138.6044","714"
"18/3/2020 05:19:00","5165.04","5147.892857142857","5139.2788","669"
"18/3/2020 05:20:00","5165","5152.115714285714","5139.6132","592"
"18/3/2020 05:21:00","5168.79","5155.457142857143","5140.234799999999","525"
"18/3/2020 05:22:00","5178.2","5161.33","5141.691599999999","791"
"18/3/2020 05:23:00","5184.03","5167.7528571428575","5143.438399999998","786"
"18/3/2020 05:24:00","5171.68","5171.375714285715","5144.356399999999","1020"
"18/3/2020 05:25:00","5168","5171.534285714287","5146.070799999999","648"
"18/3/2020 05:26:00","5179.03","5173.532857142857","5147.419199999999","659"
"18/3/2020 05:27:00","5164.99","5173.5314285714285","5149.034799999999","699"
"18/3/2020 05:28:00","5166.48","5173.2014285714295","5150.5675999999985","605"
"18/3/2020 05:29:00","5172.45","5172.379999999999","5151.7912","535"
"18/3/2020 05:30:00","5175.99","5171.231428571428","5153.580399999999","440"
"18/3/2020 05:31:00","5166.7","5170.5199999999995","5155.1276","647"
"18/3/2020 05:32:00","5163.61","5169.892857142857","5158.2483999999995","442"
"18/3/2020 05:33:00","5164.93","5167.8785714285705","5159.999199999999","359"
"18/3/2020 05:34:00","5163.82","5167.711428571428","5161.552000000001","214"
"18/3/2020 05:35:00","5149.85","5165.335714285714","5161.690799999999","779"
"18/3/2020 05:36:00","5146.9","5161.685714285714","5161.614799999999","342"
"18/3/2020 05:37:00","5145","5157.2585714285715","5161.228","524"
"18/3/2020 05:38:00","5130.51","5152.088571428571","5161.0308","1027"
"18/3/2020 05:39:00","5142.76","5149.110000000001","5160.925199999999","691"
"18/3/2020 05:40:00","5151.19","5147.147142857144","5161.489199999999","631"
"18/3/2020 05:41:00","5151.1","5145.330000000001","5161.9704","375"
"18/3/2020 05:42:00","5140.4","5143.9800000000005","5161.7336","350"
"18/3/2020 05:43:00","5145.7","5143.808571428571","5160.886","429"
"18/3/2020 05:44:00","5155.99","5145.378571428571","5160.523999999999","665"
"18/3/2020 05:45:00","5160.35","5149.641428571428","5160.338","604"
"18/3/2020 05:46:00","5166.33","5153.0085714285715","5160.2396","396"
"18/3/2020 05:47:00","5161.04","5154.415714285715","5159.553199999999","273"
"18/3/2020 05:48:00","5161.61","5155.917142857143","5158.6564","305"
"18/3/2020 05:49:00","5163.85","5159.267142857143","5158.3432","341"
"18/3/2020 05:50:00","5156.9","5160.867142857142","5157.8992","306"
"18/3/2020 05:51:00","5147.97","5159.721428571429","5156.6568","676"
"18/3/2020 05:52:00","5150.16","5158.265714285714","5156.0636","513"
"18/3/2020 05:53:00","5149.48","5155.858571428572","5155.3836","334"
"18/3/2020 05:54:00","5145.94","5153.701428571428","5154.323200000001","314"
"18/3/2020 05:55:00","5142.92","5151.0314285714285","5153.000400000001","325"
"18/3/2020 05:56:00","5145.39","5148.394285714285","5152.148","368"
"18/3/2020 05:57:00","5163.09","5149.278571428571","5152.1272","319"
"18/3/2020 05:58:00","5176.03","5153.287142857143","5152.571199999999","640"
"18/3/2020 05:59:00","5173","5156.55","5152.9384","641"
"18/3/2020 06:00:00","5178.63","5160.714285714285","5154.089599999999","437"
"18/3/2020 06:01:00","5176.73","5165.112857142857","5155.2828","500"
"18/3/2020 06:02:00","5176.85","5169.96","5156.5568","436"
"18/3/2020 06:03:00","5170.25","5173.511428571429","5158.1464000000005","795"
"18/3/2020 06:04:00","5175.67","5175.308571428571","5159.462799999999","645"
"18/3/2020 06:05:00","5172.05","5174.74","5160.2972","353"
"18/3/2020 06:06:00","5189.55","5177.104285714285","5161.8352","861"
"18/3/2020 06:07:00","5226.62","5183.96","5165.284000000001","3326"
"18/3/2020 06:08:00","5225","5190.855714285714","5168.456","916"
"18/3/2020 06:09:00","5212.13","5195.895714285713","5170.7016","885"
"18/3/2020 06:10:00","5227.58","5204.085714285714","5173.3908","559"
"18/3/2020 06:11:00","5220.78","5210.53","5175.568800000001","511"
"18/3/2020 06:12:00","5237","5219.808571428571","5178.6072","712"
"18/3/2020 06:13:00","5222.4","5224.501428571429","5181.0388","529"
"18/3/2020 06:14:00","5211.22","5222.301428571429","5182.9336","943"
"18/3/2020 06:15:00","5210.4","5220.215714285715","5185.0736","881"
"18/3/2020 06:16:00","5218.85","5221.175714285715","5187.9088","880"
"18/3/2020 06:17:00","5220.09","5220.105714285713","5190.705999999999","623"
"18/3/2020 06:18:00","5218.27","5219.7471428571425","5193.4576","525"
"18/3/2020 06:19:00","5208.51","5215.677142857143","5195.9604","522"
"18/3/2020 06:20:00","5206.41","5213.392857142857","5198.500000000001","416"
"18/3/2020 06:21:00","5200.05","5211.797142857143","5200.6864000000005","375"
"18/3/2020 06:22:00","5200.03","5210.315714285714","5202.164","463"
"18/3/2020 06:23:00","5193.1","5206.637142857143","5202.8468","499"
"18/3/2020 06:24:00","5196.77","5203.305714285714","5203.7976","479"
"18/3/2020 06:25:00","5206.66","5201.647142857143","5204.9188","452"
"18/3/2020 06:26:00","5210.46","5201.925714285714","5206.268","438"
"18/3/2020 06:27:00","5196.99","5200.58","5207.073600000001","477"
"18/3/2020 06:28:00","5199.77","5200.54","5208.254400000002","549"
"18/3/2020 06:29:00","5206.02","5201.395714285715","5209.468400000002","364"
"18/3/2020 06:30:00","5209.27","5203.705714285715","5210.957200000002","300"
"18/3/2020 06:31:00","5216.38","5206.507142857142","5212.030400000002","332"
"18/3/2020 06:32:00","5216.97","5207.9800000000005","5211.644400000002","243"
"18/3/2020 06:33:00","5209.04","5207.777142857143","5211.006000000001","195"
"18/3/2020 06:34:00","5210.41","5209.694285714286","5210.937200000002","208"
"18/3/2020 06:35:00","5209.05","5211.020000000001","5210.196000000002","190"
"18/3/2020 06:36:00","5201.79","5210.415714285715","5209.4364000000005","637"
"18/3/2020 06:37:00","5193.35","5208.141428571428","5207.690400000001","783"
"18/3/2020 06:38:00","5192.25","5204.694285714286","5206.484400000001","482"
"18/3/2020 06:39:00","5198.64","5202.075714285714","5205.9812","388"
"18/3/2020 06:40:00","5192.69","5199.74","5205.272800000001","417"
"18/3/2020 06:41:00","5193.27","5197.291428571429","5204.249600000001","246"
"18/3/2020 06:42:00","5189.98","5194.567142857143","5203.0452000000005","241"
"18/3/2020 06:43:00","5184.96","5192.162857142857","5201.712800000001","473"
"18/3/2020 06:44:00","5166.47","5188.322857142856","5200.0312","910"
"18/3/2020 06:45:00","5163.53","5184.22","5198.316000000001","776"
"18/3/2020 06:46:00","5166.9","5179.685714285713","5196.990000000001","450"
"18/3/2020 06:47:00","5145.59","5172.957142857143","5194.812400000001","820"
"18/3/2020 06:48:00","5145.13","5166.08","5192.8936","1035"
"18/3/2020 06:49:00","5151.52","5160.585714285715","5191.083600000001","796"
"18/3/2020 06:50:00","5146.99","5155.161428571429","5188.696800000001","394"
"18/3/2020 06:51:00","5139.49","5151.307142857143","5185.858000000001","660"
"18/3/2020 06:52:00","5135.79","5147.344285714285","5183.410000000001","963"
"18/3/2020 06:53:00","5124.44","5141.278571428572","5180.3968","1154"
"18/3/2020 06:54:00","5115.18","5136.934285714286","5176.7632","849"
"18/3/2020 06:55:00","5133.58","5135.284285714285","5173.7356","555"
"18/3/2020 06:56:00","5130.42","5132.2699999999995","5170.2972","773"
"18/3/2020 06:57:00","5130.56","5129.922857142856","5166.840800000001","487"
"18/3/2020 06:58:00","5123.51","5127.639999999999","5163.4196","541"
"18/3/2020 06:59:00","5143.13","5128.688571428572","5160.7284","471"
"18/3/2020 07:00:00","5138.7","5130.725714285714","5157.914400000001","455"
"18/3/2020 07:01:00","5141","5134.414285714286","5155.482800000001","547"
"18/3/2020 07:02:00","5114.38","5131.671428571428","5152.3240000000005","1552"
"18/3/2020 07:03:00","5116.84","5129.731428571429","5149.307599999999","739"
"18/3/2020 07:04:00","5111.04","5126.942857142857","5145.803599999999","474"
"18/3/2020 07:05:00","5105.83","5124.417142857143","5142.329199999999","1390"
"18/3/2020 07:06:00","5104.98","5118.967142857144","5138.7976","932"
"18/3/2020 07:07:00","5083.26","5111.047142857143","5134.528799999999","1409"
"18/3/2020 07:08:00","5087.02","5103.335714285715","5130.611199999999","1100"
"18/3/2020 07:09:00","5035.82","5092.112857142858","5125.385200000001","5354"
"18/3/2020 07:10:00","5052.28","5082.89","5120.935199999999","2301"
"18/3/2020 07:11:00","5045.66","5073.55","5116.085599999999","1525"
"18/3/2020 07:12:00","5056.71","5066.532857142857","5112.5304","1210"
"18/3/2020 07:13:00","5045.01","5057.965714285715","5108.525599999999","1242"
"18/3/2020 07:14:00","5055.14","5053.948571428571","5104.6704","1239"
"18/3/2020 07:15:00","5066.91","5051.075714285714","5101.467199999999","1440"
"18/3/2020 07:16:00","5074.97","5056.66857142857","5098.886399999999","1089"
"18/3/2020 07:17:00","5088.37","5061.824285714286","5096.989599999999","2025"
"18/3/2020 07:18:00","5083.62","5067.247142857143","5095.3568","899"
"18/3/2020 07:19:00","5095.18","5072.742857142856","5094.5568","903"
"18/3/2020 07:20:00","5085.96","5078.592857142858","5092.652","1002"
"18/3/2020 07:21:00","5074.49","5081.357142857143","5090.414800000001","692"
"18/3/2020 07:22:00","5091.25","5084.834285714285","5088.842400000001","757"
"18/3/2020 07:23:00","5094.27","5087.591428571429","5087.672799999999","517"
"18/3/2020 07:24:00","5100.38","5089.307142857143","5085.962800000001","578"
"18/3/2020 07:25:00","5094.59","5090.874285714285","5084.1984","631"
"18/3/2020 07:26:00","5092.32","5090.465714285715","5082.2512","392"
"18/3/2020 07:27:00","5077.41","5089.244285714286","5080.772400000001","543"
"18/3/2020 07:28:00","5088.25","5091.21","5079.6288","562"
"18/3/2020 07:29:00","5082.98","5090.028571428571","5078.506399999999","417"
"18/3/2020 07:30:00","5073.03","5086.994285714286","5077.194400000001","682"
"18/3/2020 07:31:00","5072.33","5082.987142857142","5075.888400000001","881"
"18/3/2020 07:32:00","5092.75","5082.7242857142855","5076.268","645"
"18/3/2020 07:33:00","5091.77","5082.645714285715","5076.458000000001","419"
"18/3/2020 07:34:00","5092.98","5084.87","5078.7444","332"
"18/3/2020 07:35:00","5093.22","5085.58","5080.3820000000005","466"
"18/3/2020 07:36:00","5099.02","5087.8714285714295","5082.5164","488"
"18/3/2020 07:37:00","5124.25","5095.188571428573","5085.218","1628"
"18/3/2020 07:38:00","5145.53","5105.645714285715","5089.238800000001","2802"
"18/3/2020 07:39:00","5132.67","5111.348571428572","5092.34","1352"
"18/3/2020 07:40:00","5128.58","5116.607142857143","5094.8068","688"
"18/3/2020 07:41:00","5131.22","5122.070000000001","5097.0568","921"
"18/3/2020 07:42:00","5116.65","5125.4171428571435","5098.188","806"
"18/3/2020 07:43:00","5121","5128.557142857143","5099.6831999999995","474"
"18/3/2020 07:44:00","5132.48","5129.732857142858","5101.1752","517"
"18/3/2020 07:45:00","5124.56","5126.737142857143","5102.7192","347"
"18/3/2020 07:46:00","5124.64","5125.589999999999","5104.7252","482"
"18/3/2020 07:47:00","5126.94","5125.355714285714","5106.1528","374"
"18/3/2020 07:48:00","5108.1","5122.052857142857","5106.706","902"
"18/3/2020 07:49:00","5093","5118.674285714286","5106.4108","911"
"18/3/2020 07:50:00","5093.36","5114.725714285714","5106.3616","790"
"18/3/2020 07:51:00","5079.48","5107.154285714286","5105.848","1437"
"18/3/2020 07:52:00","5091.43","5102.421428571428","5106.4088","447"
"18/3/2020 07:53:00","5085.99","5096.900000000001","5106.3184","683"
"18/3/2020 07:54:00","5088.37","5091.39","5106.534","669"
"18/3/2020 07:55:00","5081.71","5087.620000000001","5106.8812","620"
"18/3/2020 07:56:00","5091.52","5087.408571428571","5107.648800000001","350"
"18/3/2020 07:57:00","5096.16","5087.808571428572","5107.785200000001","561"
"18/3/2020 07:58:00","5088.77","5089.135714285714","5107.665200000001","679"
"18/3/2020 07:59:00","5082.4","5087.845714285714","5107.242000000001","496"
"18/3/2020 08:00:00","5090.14","5088.438571428572","5107.1188","565"
"18/3/2020 08:01:00","5083.24","5087.705714285714","5106.4876","446"
"18/3/2020 08:02:00","5083.99","5088.031428571428","5104.8772","407"
"18/3/2020 08:03:00","5104.53","5089.889999999999","5103.237200000001","501"
"18/3/2020 08:04:00","5115.82","5092.698571428571","5102.5632000000005","899"
"18/3/2020 08:05:00","5126.1","5098.0314285714285","5102.464","939"
"18/3/2020 08:06:00","5112.05","5102.267142857143","5101.6972000000005","571"
"18/3/2020 08:07:00","5116.39","5106.017142857143","5101.6868","455"
"18/3/2020 08:08:00","5120.91","5111.398571428572","5101.6832","472"
"18/3/2020 08:09:00","5107.3","5114.728571428571","5100.676000000001","401"
"18/3/2020 08:10:00","5101.06","5114.232857142857","5099.736000000001","588"
"18/3/2020 08:11:00","5096.15","5111.422857142857","5098.5964","675"
"18/3/2020 08:12:00","5092.04","5106.557142857143","5097.2004000000015","403"
"18/3/2020 08:13:00","5107.37","5105.888571428572","5097.1712","476"
"18/3/2020 08:14:00","5110.23","5105.0085714285715","5097.8604","446"
"18/3/2020 08:15:00","5115.65","5104.257142857142","5098.752","715"
"18/3/2020 08:16:00","5117.6","5105.728571428571","5100.2768","350"
"18/3/2020 08:17:00","5114.74","5107.682857142856","5101.209199999999","370"
"18/3/2020 08:18:00","5119.9","5111.075714285714","5102.565599999999","282"
"18/3/2020 08:19:00","5118.26","5114.821428571428","5103.761199999999","331"
"18/3/2020 08:20:00","5125.57","5117.421428571429","5105.515599999998","512"
"18/3/2020 08:21:00","5140","5121.674285714286","5107.454799999999","740"
"18/3/2020 08:22:00","5148.16","5126.318571428571","5109.5347999999985","924"
"18/3/2020 08:23:00","5137.01","5129.091428571429","5111.464399999999","584"
"18/3/2020 08:24:00","5134","5131.842857142858","5113.528399999999","293"
"18/3/2020 08:25:00","5128.1","5133.0142857142855","5115.0468","302"
"18/3/2020 08:26:00","5133.11","5135.135714285714","5117.0416000000005","321"
"18/3/2020 08:27:00","5126.83","5135.315714285714","5118.7552","328"
"18/3/2020 08:28:00","5140.06","5135.324285714285","5120.176399999999","817"
"18/3/2020 08:29:00","5119.68","5131.255714285716","5120.330800000001","677"
"18/3/2020 08:30:00","5134.2","5130.854285714287","5120.6548","395"
"18/3/2020 08:31:00","5150","5133.139999999999","5122.172799999999","556"
"18/3/2020 08:32:00","5152.07","5136.564285714286","5123.6","548"
"18/3/2020 08:33:00","5154.7","5139.648571428572","5124.951599999999","471"
"18/3/2020 08:34:00","5152.7","5143.344285714286","5126.767599999999","789"
"18/3/2020 08:35:00","5138.59","5143.134285714286","5128.268799999999","640"
"18/3/2020 08:36:00","5140.92","5146.168571428571","5130.059599999999","313"
"18/3/2020 08:37:00","5147.52","5148.071428571428","5132.278799999999","299"
"18/3/2020 08:38:00","5145.8","5147.471428571429","5133.815999999999","288"
"18/3/2020 08:39:00","5152.62","5147.55","5135.5116","287"
"18/3/2020 08:40:00","5140.54","5145.527142857143","5136.507199999998","482"
"18/3/2020 08:41:00","5145.99","5144.568571428572","5137.6428","371"
"18/3/2020 08:42:00","5132.51","5143.7","5138.3535999999995","401"
"18/3/2020 08:43:00","5132.82","5142.542857142857","5138.870399999999","314"
"18/3/2020 08:44:00","5121.82","5138.871428571429","5139.0127999999995","407"
"18/3/2020 08:45:00","5124.63","5135.847142857143","5138.9752","289"
"18/3/2020 08:46:00","5120.8","5131.301428571429","5138.207200000001","508"
"18/3/2020 08:47:00","5111.46","5127.147142857143","5136.7392","722"
"18/3/2020 08:48:00","5115.08","5122.731428571428","5135.862","470"
"18/3/2020 08:49:00","5118.43","5120.72","5135.2392","375"
"18/3/2020 08:50:00","5122.38","5119.228571428571","5135.0104","300"
"18/3/2020 08:51:00","5132.44","5120.745714285715","5134.983600000001","511"
"18/3/2020 08:52:00","5135.46","5122.292857142857","5135.328800000002","708"
"18/3/2020 08:53:00","5139.84","5125.012857142857","5135.3200000000015","413"
"18/3/2020 08:54:00","5136.12","5128.535714285715","5135.977600000002","187"
"18/3/2020 08:55:00","5132.45","5131.017142857142","5135.907600000001","315"
"18/3/2020 08:56:00","5127.97","5132.379999999999","5135.026400000002","458"
"18/3/2020 08:57:00","5139.73","5134.858571428572","5134.532800000001","629"
"18/3/2020 08:58:00","5142.82","5136.341428571429","5134.0576","509"
"18/3/2020 08:59:00","5140.39","5137.045714285714","5133.5652","513"
"18/3/2020 09:00:00","5116.46","5133.705714285715","5132.68","686"
"18/3/2020 09:01:00","5122.78","5131.8","5131.9544000000005","513"
"18/3/2020 09:02:00","5110.03","5128.597142857143","5130.4547999999995","643"
"18/3/2020 09:03:00","5088.22","5122.91857142857","5128.1516","1273"
"18/3/2020 09:04:00","5098.19","5116.984285714286","5125.974399999999","603"
"18/3/2020 09:05:00","5101.63","5111.099999999999","5124.418000000001","551"
"18/3/2020 09:06:00","5090.74","5104.007142857144","5122.208","572"
"18/3/2020 09:07:00","5103.1","5102.098571428571","5121.031600000001","652"
"18/3/2020 09:08:00","5108.64","5100.078571428571","5120.0644","418"
"18/3/2020 09:09:00","5102.14","5098.951428571428","5119.277200000001","406"
"18/3/2020 09:10:00","5098.73","5100.452857142857","5118.241200000001","308"
"18/3/2020 09:11:00","5112","5102.425714285714","5117.889200000001","341"
"18/3/2020 09:12:00","5110.83","5103.74","5117.8640000000005","248"
"18/3/2020 09:13:00","5101.63","5105.295714285714","5117.326","417"
"18/3/2020 09:14:00","5107.98","5105.992857142858","5116.908","409"
"18/3/2020 09:15:00","5113.43","5106.677142857143","5116.55","502"
"18/3/2020 09:16:00","5105.88","5107.211428571428","5115.4876","634"
"18/3/2020 09:17:00","5097.87","5107.088571428571","5113.984","468"
"18/3/2020 09:18:00","5090.46","5104.011428571429","5112.0088000000005","495"
"18/3/2020 09:19:00","5085.17","5100.345714285714","5109.970799999999","669"
"18/3/2020 09:20:00","5068.79","5095.654285714286","5107.4244","1386"
"18/3/2020 09:21:00","5075.69","5091.041428571429","5105.3332","657"
"18/3/2020 09:22:00","5089.19","5087.578571428571","5103.3116","563"
"18/3/2020 09:23:00","5081.02","5084.027142857143","5100.839599999999","409"
"18/3/2020 09:24:00","5089.35","5082.8099999999995","5098.798000000001","777"
"18/3/2020 09:25:00","5084.34","5081.935714285714","5097.5132","485"
"18/3/2020 09:26:00","5077.21","5080.798571428572","5095.690400000001","416"
"18/3/2020 09:27:00","5088.21","5083.572857142857","5094.817600000001","362"
"18/3/2020 09:28:00","5101.16","5087.211428571428","5095.3352","760"
"18/3/2020 09:29:00","5100.7","5088.855714285714","5095.435600000001","304"
"18/3/2020 09:30:00","5097.54","5091.215714285715","5095.272","424"
"18/3/2020 09:31:00","5093.02","5091.74","5095.363200000001","450"
"18/3/2020 09:32:00","5098.77","5093.801428571429","5095.190000000001","336"
"18/3/2020 09:33:00","5098.33","5096.818571428572","5094.7776","251"
"18/3/2020 09:34:00","5099.18","5098.385714285715","5094.6592","244"
"18/3/2020 09:35:00","5111.12","5099.808571428572","5095.154800000001","745"
"18/3/2020 09:36:00","5114.29","5101.75","5095.246400000001","487"
"18/3/2020 09:37:00","5110","5103.530000000001","5095.2132","281"
"18/3/2020 09:38:00","5125.4","5108.155714285715","5096.164000000001","693"
"18/3/2020 09:39:00","5122","5111.4742857142855","5096.724799999999","363"
"18/3/2020 09:40:00","5123.2","5115.027142857142","5097.115599999999","308"
"18/3/2020 09:41:00","5128.8","5119.2585714285715","5098.032399999999","477"
"18/3/2020 09:42:00","5132.24","5122.2757142857145","5099.4072","571"
"18/3/2020 09:43:00","5125.44","5123.868571428572","5100.8064","440"
"18/3/2020 09:44:00","5126.08","5126.165714285714","5102.4428","314"
"18/3/2020 09:45:00","5127.2","5126.422857142856","5104.779199999999","214"
"18/3/2020 09:46:00","5111.01","5124.852857142857","5106.191999999999","565"
"18/3/2020 09:47:00","5108.2","5122.709999999999","5106.9524","294"
"18/3/2020 09:48:00","5109.04","5119.887142857143","5108.0732","543"
"18/3/2020 09:49:00","5121.69","5118.38","5109.3668","373"
"18/3/2020 09:50:00","5112.82","5116.577142857142","5110.505999999999","355"
"18/3/2020 09:51:00","5116.25","5115.172857142857","5112.0676","179"
"18/3/2020 09:52:00","5110.39","5112.771428571429","5112.9548","273"
"18/3/2020 09:53:00","5100.18","5111.2242857142855","5112.9156","547"
"18/3/2020 09:54:00","5105.25","5110.802857142857","5113.0976","296"
"18/3/2020 09:55:00","5105.26","5110.262857142857","5113.4064","198"
"18/3/2020 09:56:00","5098.44","5106.941428571429","5113.6232","415"
"18/3/2020 09:57:00","5106.27","5106.005714285714","5113.923199999999","366"
"18/3/2020 09:58:00","5101.34","5103.875714285715","5114.0436","512"
"18/3/2020 09:59:00","5112.98","5104.245714285715","5114.5956","546"
"18/3/2020 10:00:00","5108.09","5105.375714285715","5114.4744","438"
"18/3/2020 10:01:00","5099.89","5104.610000000001","5113.8984","375"
"18/3/2020 10:02:00","5089.29","5102.328571428571","5113.07","660"
"18/3/2020 10:03:00","5091.33","5101.312857142858","5111.7072","479"
"18/3/2020 10:04:00","5084.56","5098.211428571428","5110.209599999999","686"
"18/3/2020 10:05:00","5089.53","5096.524285714287","5108.862799999999","561"
"18/3/2020 10:06:00","5099.64","5094.618571428572","5107.6964","385"
"18/3/2020 10:07:00","5093.32","5092.5085714285715","5106.1395999999995","407"
"18/3/2020 10:08:00","5095.87","5091.934285714286","5104.956799999999","229"
"18/3/2020 10:09:00","5093.27","5092.502857142857","5103.644399999999","211"
"18/3/2020 10:10:00","5096.43","5093.231428571428","5102.4136","280"
"18/3/2020 10:11:00","5089.93","5093.998571428572","5101.5704","344"
"18/3/2020 10:12:00","5081.46","5092.845714285714","5100.500799999999","408"
"18/3/2020 10:13:00","5068.88","5088.451428571428","5098.8944","817"
"18/3/2020 10:14:00","5074.28","5085.731428571429","5096.998","474"
"18/3/2020 10:15:00","5082.06","5083.7585714285715","5095.767599999999","688"
"18/3/2020 10:16:00","5083.46","5082.357142857143","5094.456000000001","320"
"18/3/2020 10:17:00","5079.32","5079.912857142857","5093.213200000001","235"
"18/3/2020 10:18:00","5065","5076.351428571428","5091.8060000000005","379"
"18/3/2020 10:19:00","5046.7","5071.385714285714","5089.464000000001","2877"
"18/3/2020 10:20:00","5043.97","5067.827142857143","5087.0124000000005","1324"
"18/3/2020 10:21:00","5022.73","5060.4628571428575","5083.984","2065"
"18/3/2020 10:22:00","5043.21","5054.912857142857","5081.4616000000005","1570"
"18/3/2020 10:23:00","5032.97","5047.7","5078.726800000001","1014"
"18/3/2020 10:24:00","5012.58","5038.165714285715","5074.710800000001","1767"
